[
  {
    "Covert Cadillac New": "Covert Cadillac New",
    "Covert Cadillac Used": "Covert Cadillac Used",
    "Garlyn Shelton GMC Cadillac Buick New": "Garlyn Shelton GMC Cadillac Buick New",
    "Hutto Chevy New": "Hutto Chevy New",
    "Hi Tech Motor Cars Porsche Used": "Hi Tech Motor Cars Porsche Used",
    "Cedar Park Nissan Used": "Cedar Park Nissan Used",
    "Hutto Ford Used": "Hutto Ford Used",
    "Cedar Park Nissan New": "Cedar Park Nissan New",
    "Garlyn Shelton Volkswagen New": "Garlyn Shelton Volkswagen New",
    "Covert Ford Used": "Covert Ford Used",
    "Covert Ford New": "Covert Ford New",
    "Griffith Ford New": "Griffith Ford New",
    "Hutto Ford New": "Hutto Ford New",
    "Hi Tech Motor Cars Luxury New": "Hi Tech Motor Cars Luxury New",
    "Hutto Chevy Used": "Hutto Chevy Used",
    "Garlyn Shelton Nissan New": "Garlyn Shelton Nissan New",
    "Land Rover Jag Austin New": "Land Rover Jag Austin New",
    "Mercedes Benz Geo New": "Mercedes Benz Geo New",
    "San Marcos CDJR Used": "San Marcos CDJR Used",
    "Hi Tech Motor Cars Audi New": "Hi Tech Motor Cars Audi New",
    "Garlyn Shelton Imports Loop": "Garlyn Shelton Imports Loop",
    "Garlyn Shelton Used": "Garlyn Shelton Used",
    "Garlyn Shelton BMW New": "Garlyn Shelton BMW New",
    "Hi Tech Motor Cars Luxury Used": "Hi Tech Motor Cars Luxury Used",
    "Land Rover Jag Austin Used": "Land Rover Jag Austin Used",
    "Hi Tech Motor Cars Porsche New": "Hi Tech Motor Cars Porsche New",
    "Mercedes Benz Geo Used": "Mercedes Benz Geo Used",
    "San Marcos CDJR New": "San Marcos CDJR New",
    "Hi Tech Motor Cars Audi Used": "Hi Tech Motor Cars Audi Used",
    "Griffith Ford Used": "Griffith Ford Used"
  }
]